ID,Description,GeneRatio,p.adjust,Count,geneID
hsa04060,Cytokine-cytokine receptor interaction,58/712,3.02117183265227e-19,58,LTB/TNFRSF6B/IL32/IL2RG/CXCL8/CCL20/CX3CL1/CXCL1/IFNGR1/CXCL3/TNFRSF21/TNFRSF9/IFNGR2/CSF1/TNFRSF10B/IL6ST/TNF/BMP2/TNFSF15/CXCL16/TNFRSF11A/TNFSF10/TNFRSF14/CXCL2/CXCL11/IL23A/IFNAR2/IL4R/CD70/IL17RB/TNFRSF1B/IL17RE/TGFBR1/IL34/IL18R1/CD40/CSF2/RELT/IL27RA/IL1R2/IFNLR1/TNFSF9/CLCF1/CCL2/IL15RA/IL1RL2/IL22RA1/ACKR4/BMP6/IL6R/TNFRSF11B/CXCL6/PRLR/TNFRSF19/EDAR/IL7/IL15/IL1B
hsa04061,Viral protein interaction with cytokine and cytokine receptor,22/712,6.67991062210994e-10,22,IL2RG/CXCL8/CCL20/CX3CL1/CXCL1/CXCL3/CSF1/TNFRSF10B/IL6ST/TNF/TNFSF10/TNFRSF14/CXCL2/CXCL11/TNFRSF1B/IL34/IL18R1/CCL2/IL22RA1/ACKR4/IL6R/CXCL6
hsa04668,TNF signaling pathway,38/712,3.2921734850288e-09,38,TNFAIP3/NFKBIA/BIRC3/CCL20/BCL3/CX3CL1/CXCL1/CXCL3/IRF1/CSF1/ICAM1/CFLAR/TNF/JUNB/TRAF3/MMP14/NFKB1/CXCL2/CREB3L1/RHBDF2/EDN1/CREB3L2/FOS/TNFRSF1B/TRAF2/CEBPB/CYLD/IL18R1/CSF2/MAPK11/MAP3K8/CCL2/PIK3CD/CREB5/TRAF1/CXCL6/IL15/IL1B
hsa05321,Inflammatory bowel disease,19/712,8.72805711867992e-08,19,IL2RG/SMAD3/IFNGR1/IFNGR2/STAT3/TNF/NFKB1/IL23A/HLA-DRB1/IL4R/HLA-DRA/TLR4/TLR2/IL18R1/RORC/HLA-DRB5/NFATC1/TLR5/IL1B
hsa04612,Antigen processing and presentation,22/712,1.33865296841163e-07,22,CD74/HLA-B/HLA-F/TAPBP/HLA-A/TAP1/HLA-C/B2M/TNF/CTSS/TAP2/PSME2/HLA-DRB1/HLA-DRA/PSME1/RFX5/TAPBPL/IFI30/HSPA2/CIITA/HLA-DRB5/HSPA1L
hsa05146,Amoebiasis,28/712,1.94255863413992e-07,28,LAMC2/LAMA3/LAMB3/CXCL8/CXCL1/CXCL3/PRKCG/TNF/LAMA5/NFKB1/LAMC1/CXCL2/ITGAM/PRKACB/TLR4/TLR2/LAMA4/CSF2/SERPINB9/IL1R2/GNA15/COL1A1/PIK3CD/NOS2/LAMA1/CD14/IL1B/CD1D
hsa04064,NF-kappa B signaling pathway,30/712,2.3903449967678e-07,30,LTB/TNFAIP3/NFKBIA/NFKB2/RELB/BIRC3/CXCL8/CXCL1/CXCL3/ICAM1/CFLAR/TNF/TRAF3/NFKB1/TNFRSF11A/TICAM1/PLAU/CXCL2/GADD45A/RIGI/TRAF2/LYN/TLR4/CYLD/CD40/LCK/TRAF1/EDAR/CD14/IL1B
hsa04512,ECM-receptor interaction,23/712,5.08678293393655e-07,23,LAMC2/LAMA3/ITGAV/LAMB3/SDC4/COL9A2/ITGA2/ITGB8/CD47/ITGA3/LAMA5/HSPG2/LAMC1/ITGB6/THBS2/COL6A1/LAMA4/COL1A1/TNXB/SV2B/LAMA1/FREM1/ITGA9
hsa05168,Herpes simplex virus 1 infection,41/712,5.08678293393655e-07,41,CD74/NFKBIA/HLA-B/BIRC3/HLA-F/IFNGR1/TAPBP/HLA-A/C3/TAP1/IFNGR2/HLA-C/B2M/IKBKE/TNF/TRAF3/TAP2/OAS3/NFKB1/TICAM1/TNFRSF14/PML/HLA-DRB1/IFNAR2/HLA-DRA/BID/JAK1/RIGI/OAS1/TAPBPL/CGAS/TRAF2/EIF4EBP1/TLR2/IFIH1/CCL2/PIK3CD/C5/HLA-DRB5/TLR3/IL1B
hsa00830,Retinol metabolism,19/712,6.36562121305969e-07,19,UGT1A6/SDR16C5/CYP2B6/DHRS3/UGT1A5/UGT1A7/UGT1A4/UGT1A3/UGT1A9/RPE65/RDH5/UGT2A3/ADH1C/UGT2B17/CYP1A1/CYP3A4/BCO1/CYP26B1/CYP2W1
hsa04659,Th17 cell differentiation,27/712,7.13477224611156e-07,27,NFKBIA/IL2RG/NFKBIE/SMAD3/IFNGR1/IFNGR2/STAT5A/IL6ST/STAT3/NFKB1/IL23A/HLA-DRB1/IL4R/HLA-DRA/NFKBIB/JAK1/FOS/TGFBR1/MAPK11/IL27RA/NFATC2/RORC/HLA-DRB5/IL6R/LCK/NFATC1/IL1B
hsa05323,Rheumatoid arthritis,23/712,8.04869650017628e-07,23,LTB/CXCL8/CCL20/CXCL1/CXCL3/CSF1/ICAM1/TNF/TNFRSF11A/CXCL2/IL23A/HLA-DRB1/HLA-DRA/VEGFA/FOS/TLR4/TLR2/CSF2/CCL2/HLA-DRB5/CXCL6/IL15/IL1B
hsa04514,Cell adhesion molecule (CAM) interaction,27/712,1.0679256397065e-06,27,HLA-B/ITGAV/SDC4/HLA-F/HLA-A/HLA-C/ICAM1/L1CAM/ITGB8/ICOSLG/LOC102723996/ICAM2/HLA-DRB1/HLA-DRA/ITGAM/ALCAM/CLDN1/CD40/CLDN10/ESAM/TIGIT/HLA-DRB5/SLITRK6/NRCAM/CNTNAP1/LRRC4/ITGA9
hsa04657,IL-17 signaling pathway,25/712,1.0679256397065e-06,25,TNFAIP3/NFKBIA/LCN2/CXCL8/CCL20/CXCL1/CXCL3/IKBKE/TNF/TRAF3/NFKB1/CXCL2/MUC5AC/MUC5B/FOS/IL17RB/TRAF2/IL17RE/CEBPB/CSF2/MAPK11/MAPK15/CCL2/CXCL6/IL1B
hsa04640,Hematopoietic cell lineage,18/712,1.0679256397065e-06,18,ITGA2/CSF1/TNF/ITGA3/HLA-DRB1/IL4R/HLA-DRA/ITGAM/TFRC/ANPEP/CSF2/IL1R2/HLA-DRB5/IL6R/IL7/CD14/IL1B/CD1D
hsa04610,Complement and coagulation cascades,18/712,2.69007763173285e-06,18,SERPINA1/C3/PLAU/F3/CLU/ITGAM/CFB/TFPI/ADTRP/C4BPB/BDKRB2/F2R/PROCR/C5/SERPINB2/PROS1/CFD/SERPINA5
hsa05417,Lipid and atherosclerosis,44/712,2.93274498217799e-06,44,NFKBIA/CXCL8/CXCL1/CXCL3/ICAM1/TNFRSF10B/STAT3/IKBKE/TNF/TRAF3/ERO1A/NFKB1/TNFSF10/TICAM1/CXCL2/RAP1B/NOX1/CYP2B6/BID/FOS/TANK/TRAF2/LYN/TLR4/ABCG1/TLR2/ERN1/HSPA2/CD40/MAPK11/NFATC2/CCL2/CYP1A1/PIK3CD/VAV1/APOA1/NFATC1/CASP1/CD14/HSPA1L/NCF2/IL1B/TLR6/CAMK2B
hsa04820,Cytoskeleton in muscle cells,39/712,6.80390223075685e-06,39,ITGAV/SDC4/ATP1B1/COL9A2/ITGA2/ITGB8/PLEC/DSC2/ITGA3/HSPG2/TPM1/LMNB1/ITGB6/OBSCN/THBS2/COL6A1/FMNL2/SYNE3/PDLIM4/NID2/MYOM3/TPM2/COL1A1/TMOD2/SSPN/TNNT2/TMOD1/SPTBN5/SYNE1/CSRP2/DMD/FBN3/LAMA1/COL5A1/COL11A2/COL5A3/ATP1A3/ITGA9/NEB
hsa00980,Metabolism of xenobiotics by cytochrome P450,20/712,6.80390223075685e-06,20,UGT1A6/GSTM4/AKR7A3/AKR1C1/CYP2B6/UGT1A5/UGT1A7/UGT1A4/UGT1A3/UGT1A9/ALDH3A1/UGT2A3/ADH1C/UGT2B17/CYP1A1/ALDH3B2/GSTM2/CYP3A4/CBR3/GSTA1
hsa05140,Leishmaniasis,20/712,6.80390223075685e-06,20,NFKBIA/IFNGR1/C3/IFNGR2/TNF/NFKB1/HLA-DRB1/HLA-DRA/NFKBIB/ITGAM/JAK1/FOS/TLR4/TLR2/MAPK11/HLA-DRB5/EEF1A2/NOS2/NCF2/IL1B
hsa05200,Pathways in cancer,78/712,2.13711817971858e-05,78,LAMC2/NFKBIA/NFKB2/LAMA3/IL2RG/ITGAV/LAMB3/BIRC3/CXCL8/SMAD3/IFNGR1/PRKCG/IFNGR2/STAT5A/ITGA2/IL6ST/STAT3/ITGA3/CTNNB1/TRAF3/BMP2/ETS1/GSTM4/ARNT2/LAMA5/TXNRD1/NFKB1/TGFA/LAMC1/PDGFB/BBC3/PML/IL23A/IFNAR2/IL4R/EDN1/WNT4/BID/GADD45A/JAK1/FZD7/ADCY5/FOXO1/VEGFA/FOS/LPAR2/PRKACB/PMAIP1/CDKN2B/TRAF2/RAC2/SHH/MSH2/PLD1/TGFBR1/LAMA4/PTGER4/FGF2/WNT10A/PAX8/IL15RA/BDKRB2/F2R/PIK3CD/FGF19/GSTM2/E2F2/IL6R/NOS2/TRAF1/WNT7A/LAMA1/TERT/GSTA1/IL7/IL15/FGF18/CAMK2B
hsa04974,Protein digestion and absorption,19/712,3.03587705292749e-05,19,ATP1B1/COL9A2/KCNN4/COL16A1/COL6A1/COL7A1/MEP1A/COL1A1/SLC6A19/COL12A1/SLC16A10/COL5A1/COL11A2/PRSS1/CPA2/COL5A3/ATP1A3/XPNPEP2/COL13A1
hsa04080,Neuroactive ligand-receptor interaction,31/712,3.11426388019065e-05,31,PTAFR/C3/OXTR/NMU/EDN1/ADRA2A/LPAR2/DRD1/GABRP/VIPR1/PTGER4/RXFP4/NMUR2/BDKRB2/F2R/NPY4R/C5/PTGDR/CHRM3/ADRA2B/PRLR/NPY4R2/LYNX1/ADORA1/HTR1D/PRSS1/PMCH/UTS2/EDN3/EDN2/S1PR3
hsa05145,Toxoplasmosis,26/712,3.11426388019065e-05,26,LAMC2/NFKBIA/LAMA3/LAMB3/BIRC3/IFNGR1/IFNGR2/STAT3/TNF/LAMA5/NFKB1/LAMC1/HLA-DRB1/HLA-DRA/NFKBIB/JAK1/TLR4/TLR2/LAMA4/CD40/MAPK11/CIITA/HLA-DRB5/NOS2/LAMA1/HSPA1L
hsa05164,Influenza A,34/712,3.9323466000769e-05,34,NFKBIA/CXCL8/TMPRSS2/IFNGR1/IFNGR2/ICAM1/TNFRSF10B/IKBKE/TNF/TRAF3/OAS3/NFKB1/TNFSF10/TICAM1/PML/HLA-DRB1/IFNAR2/HLA-DRA/NFKBIB/BID/JAK1/RIGI/OAS1/TLR4/MX1/IFIH1/CCL2/CIITA/PIK3CD/HLA-DRB5/TLR3/PRSS1/CASP1/IL1B
hsa05330,Allograft rejection,9/712,5.86398770651493e-05,9,HLA-B/HLA-F/HLA-A/HLA-C/TNF/HLA-DRB1/HLA-DRA/CD40/HLA-DRB5
hsa05134,Legionellosis,18/712,8.11572223631846e-05,18,NFKBIA/NFKB2/CXCL8/CXCL1/CXCL3/C3/TNF/NFKB1/CXCL2/ITGAM/TLR4/TLR2/EEF1A2/TLR5/CASP1/CD14/HSPA1L/IL1B
hsa05167,Kaposi sarcoma-associated herpesvirus infection,37/712,9.82279143636207e-05,37,NFKBIA/HLA-B/CXCL8/CXCL1/HLA-F/IFNGR1/CXCL3/HLA-A/C3/HLA-C/ICAM1/IL6ST/STAT3/IKBKE/CTNNB1/TRAF3/NFKB1/TICAM1/CXCL2/PDGFB/IFNAR2/BID/JAK1/VEGFA/FOS/TRAF2/LYN/CSF2/MAPK11/FGF2/NFATC2/PIK3CD/E2F2/NFATC4/PREX1/TLR3/NFATC1
hsa05163,Human cytomegalovirus infection,41/712,9.97526937399826e-05,41,NFKBIA/HLA-B/ITGAV/CXCL8/CX3CL1/HLA-F/TAPBP/PRKCG/HLA-A/TAP1/HLA-C/STAT3/B2M/TNF/CTNNB1/TAP2/NFKB1/BCAR1/CREB3L1/CREB3L2/BID/JAK1/ADCY5/VEGFA/TAPBPL/CGAS/PRKACB/TRAF2/EIF4EBP1/RAC2/PTGER4/MAPK11/NFATC2/CCL2/PIK3CD/E2F2/CREB5/NFATC4/IL6R/NFATC1/IL1B
hsa05332,Graft-versus-host disease,9/712,0.0001138828481933,9,HLA-B/HLA-F/HLA-A/HLA-C/TNF/HLA-DRB1/HLA-DRA/HLA-DRB5/IL1B
hsa04518,Integrin signaling,29/712,0.0001147689532161,29,LAMC2/LAMA3/ITGAV/LAMB3/C3/COL9A2/ITGA2/ICAM1/ITGB8/ITGA3/CTNNB1/LAMA5/LAMC1/ICAM2/PDGFB/ITGB6/ITGAM/THBS2/VEGFA/COL6A1/RAC2/LAMA4/COL1A1/PIK3CD/TNXB/PDGFC/LAMA1/FREM1/ITGA9
hsa05169,Epstein-Barr virus infection,39/712,0.0001212454085688,39,TNFAIP3/NFKBIA/NFKB2/RELB/HLA-B/NFKBIE/HLA-F/TAPBP/HLA-A/TAP1/HLA-C/ICAM1/STAT3/B2M/IKBKE/TNF/TRAF3/TAP2/OAS3/NFKB1/HLA-DRB1/IFNAR2/HLA-DRA/NFKBIB/BID/GADD45A/JAK1/RIGI/OAS1/TAPBPL/TRAF2/LYN/TLR2/CD40/MAPK11/PIK3CD/E2F2/HLA-DRB5/ISG15
hsa00982,Drug metabolism - cytochrome P450,16/712,0.0001333186156662,16,UGT1A6/GSTM4/CYP2B6/UGT1A5/UGT1A7/UGT1A4/UGT1A3/UGT1A9/ALDH3A1/UGT2A3/ADH1C/UGT2B17/ALDH3B2/GSTM2/CYP3A4/GSTA1
hsa04024,cAMP signaling pathway,34/712,0.0001426563568977,34,NFKBIA/ATP1B1/ATP2B4/ACOX1/PPP1R1B/OXTR/NFKB1/RRAS/RAP1B/CREB3L1/AFDN/EDN1/CREB3L2/ADCY5/FOS/DRD1/PRKACB/PDE4D/RAC2/PLD1/PDE10A/F2R/PIK3CD/CREB5/LIPE/VAV1/NFATC1/ADORA1/HTR1D/EDN3/ATP1A3/EDN2/RAPGEF3/CAMK2B
hsa04976,Bile secretion,19/712,0.0002209785626818,19,ATP1B1/UGT1A6/SLC5A1/NCEH1/ABCB1/ADCY5/UGT1A5/UGT1A7/UGT1A4/UGT1A3/UGT1A9/PRKACB/UGT2A3/UGT2B17/CYP3A4/ABCC2/AQP1/SLC27A5/ATP1A3
hsa05320,Autoimmune thyroid disease,8/712,0.0002364113893265,8,HLA-B/HLA-F/HLA-A/HLA-C/HLA-DRB1/HLA-DRA/CD40/HLA-DRB5
hsa04620,Toll-like receptor signaling pathway,22/712,0.0002487687771095,22,NFKBIA/CXCL8/IKBKE/TNF/TRAF3/NFKB1/TICAM1/CXCL11/IFNAR2/JAK1/FOS/TLR4/TLR2/CD40/MAPK11/MAP3K8/PIK3CD/TLR3/TLR5/CD14/IL1B/TLR6
hsa04380,Osteoclast differentiation,27/712,0.0002487687771095,27,SQSTM1/NFKBIA/NFKB2/RELB/IFNGR1/IFNGR2/CSF1/TNF/JUNB/FOSL2/NFKB1/TNFRSF11A/IFNAR2/NOX1/JAK1/FOS/TRAF2/CYLD/TGFBR1/MAPK11/NFATC2/PIK3CD/TNFRSF11B/LCK/NFATC1/NCF2/IL1B
hsa05166,Human T-cell leukemia virus 1 infection,42/712,0.0002944869562994,42,NFKBIA/NFKB2/MMP7/RELB/HLA-B/IL2RG/SMAD3/HLA-F/HLA-A/STAT5A/HLA-C/ICAM1/B2M/TNF/ETS1/NFKB1/CREB3L1/HLA-DRB1/HLA-DRA/CREB3L2/MAP3K1/JAK1/ADCY5/FOS/MAD2L1/PRKACB/CDKN2B/TGFBR1/CD40/CSF2/IL1R2/NFATC2/IL15RA/PIK3CD/E2F2/CREB5/NFATC4/HLA-DRB5/LCK/NFATC1/TERT/IL15
hsa00140,Steroid hormone biosynthesis,14/712,0.0004352210051163,14,UGT1A6/AKR1C3/AKR1C2/AKR1C1/UGT1A5/UGT1A7/UGT1A4/UGT1A3/UGT1A9/RDH5/UGT2A3/UGT2B17/CYP1A1/CYP3A4
hsa05133,Pertussis,18/712,0.0005365689981785,18,CXCL8/C3/IRF1/TNF/NFKB1/TICAM1/IL23A/ITGAM/FOS/TLR4/MAPK11/C4BPB/C5/NOS2/CXCL6/CASP1/CD14/IL1B
hsa04650,Natural killer cell mediated cytotoxicity,21/712,0.0005798480856698,21,HLA-B/IFNGR1/PRKCG/HLA-A/IFNGR2/HLA-C/ICAM1/TNFRSF10B/TNF/TNFSF10/ICAM2/IFNAR2/BID/RAC2/CSF2/NFATC2/PIK3CD/VAV1/LCK/NFATC1/KLRK1
hsa05144,Malaria,10/712,0.0006097010683882,10,CXCL8/ICAM1/TNF/THBS2/TLR4/TLR2/CD40/CCL2/IL1B/KLRK1
hsa05416,Viral myocarditis,15/712,0.0008022676873191,15,HLA-B/HLA-F/HLA-A/HLA-C/ICAM1/CAV1/HLA-DRB1/HLA-DRA/BID/RAC2/CD40/SSPN/HLA-DRB5/DMD/LAMA1
hsa04151,PI3K-Akt signaling pathway,48/712,0.0008022676873191,48,LAMC2/LAMA3/IL2RG/ITGAV/LAMB3/COL9A2/ITGA2/CSF1/ITGB8/ITGA3/LAMA5/NFKB1/TGFA/LAMC1/CREB3L1/PDGFB/ITGB6/IFNAR2/IL4R/FOXO3/CREB3L2/JAK1/PCK1/THBS2/VEGFA/NTRK2/LPAR2/COL6A1/EIF4EBP1/TLR4/MYB/TLR2/LAMA4/FGF2/EFNA1/F2R/COL1A1/PIK3CD/FGF19/CREB5/IL6R/PRLR/TNXB/PDGFC/LAMA1/IL7/FGF18/ITGA9
hsa04630,JAK-STAT signaling pathway,24/712,0.0008769010299665,24,IL2RG/IFNGR1/IFNGR2/STAT5A/IL6ST/STAT3/PDGFB/IL23A/IFNAR2/IL4R/JAK1/CISH/CSF2/IL27RA/IFNLR1/CLCF1/IL15RA/IL22RA1/PIK3CD/IL6R/PRLR/IL7/IL15/SOCS2
hsa05161,Hepatitis B,32/712,0.0008771981457341,32,NFKBIA/CXCL8/SMAD3/PRKCG/STAT5A/STAT3/IKBKE/TNF/TRAF3/NFKB1/HSPG2/TICAM1/CREB3L1/CREB3L2/MAP3K1/BID/JAK1/RIGI/FOS/TLR4/TLR2/TGFBR1/IFIH1/MAPK11/NFATC2/PIK3CD/E2F2/CREB5/NFATC4/TLR3/NFATC1/EGR3
hsa05142,Chagas disease,21/712,0.0009317221475602,21,NFKBIA/CXCL8/IFNGR1/C3/IFNGR2/CFLAR/TNF/NFKB1/TICAM1/FOS/TLR4/TLR2/TGFBR1/MAPK11/GNA15/CCL2/BDKRB2/PIK3CD/NOS2/IL1B/TLR6
hsa04658,Th1 and Th2 cell differentiation,18/712,0.0009317221475602,18,NFKBIA/IL2RG/NFKBIE/IFNGR1/IFNGR2/STAT5A/NFKB1/HLA-DRB1/IL4R/HLA-DRA/NFKBIB/JAK1/FOS/MAPK11/NFATC2/HLA-DRB5/LCK/NFATC1
hsa05152,Tuberculosis,29/712,0.0009553497377472,29,CD74/IRAK2/IFNGR1/C3/IFNGR2/TNF/CTSS/CORO1A/NFKB1/IL23A/HLA-DRB1/HLA-DRA/BID/ITGAM/JAK1/RFX5/PLA2R1/TLR4/TLR2/CEBPB/MAPK11/SPHK1/CIITA/HLA-DRB5/NOS2/CD14/IL1B/TLR6/CAMK2B
hsa05207,Chemical carcinogenesis - receptor activation,34/712,0.0010327016385601,34,PRKCG/STAT5A/UGT1A6/STAT3/IKBKE/GSTM4/NFKB1/CREB3L1/ARRB2/PAQR5/CYP2B6/CREB3L2/ADCY5/VEGFA/UGT1A5/FOS/UGT1A7/UGT1A4/UGT1A3/UGT1A9/PRKACB/EIF4EBP1/UGT2A3/FGF2/UGT2B17/CYP1A1/PIK3CD/EPHX2/GSTM2/CYP3A4/CREB5/GSTA1/EPHX3/FGF18
hsa04978,Mineral absorption,14/712,0.0011467164125796,14,ATP1B1/ATP2B4/MT1E/SLC5A1/MT1G/MT2A/STEAP1/STEAP2/MT1A/MT1X/SLC6A19/TRPM6/SLC34A3/ATP1A3
hsa05204,Chemical carcinogenesis - DNA adducts,14/712,0.0011467164125796,14,UGT1A6/GSTM4/AKR1C2/UGT1A5/UGT1A7/UGT1A4/UGT1A3/UGT1A9/UGT2A3/UGT2B17/CYP1A1/GSTM2/CYP3A4/GSTA1
hsa04940,Type I diabetes mellitus,9/712,0.0012309415870599,9,HLA-B/HLA-F/HLA-A/HLA-C/TNF/HLA-DRB1/HLA-DRA/HLA-DRB5/IL1B
hsa05418,Fluid shear stress and atherosclerosis,27/712,0.0013491790350122,27,SQSTM1/ITGAV/SDC4/ICAM1/TNF/CTNNB1/GSTM4/NFKB1/ASS1/CAV1/PDGFB/NOX1/KLF2/EDN1/VEGFA/CAV2/FOS/RAC2/MAPK11/DUSP1/IL1R2/CCL2/PIK3CD/GSTM2/GSTA1/NCF2/IL1B
hsa05165,Human papillomavirus infection,50/712,0.0017176401810222,50,LAMC2/LAMA3/HLA-B/ITGAV/LAMB3/HLA-F/HLA-A/IRF1/COL9A2/ITGA2/HLA-C/ITGB8/IKBKE/TNF/ITGA3/CTNNB1/TRAF3/LLGL2/LAMA5/NFKB1/LAMC1/TICAM1/CREB3L1/ITGB6/IFNAR2/WNT4/CREB3L2/JAK1/FZD7/FOXO1/THBS2/VEGFA/COL6A1/PRKACB/EIF4EBP1/MX1/LAMA4/PTGER4/WNT10A/COL1A1/PIK3CD/CREB5/LFNG/ISG15/TLR3/TNXB/WNT7A/LAMA1/TERT/ITGA9
hsa04621,NOD-like receptor signaling pathway,30/712,0.0017206545652814,30,TNFAIP3/NFKBIA/BIRC3/CXCL8/CXCL1/CXCL3/IKBKE/TNF/TRAF3/OAS3/NFKB1/TICAM1/CXCL2/IFNAR2/NFKBIB/JAK1/OAS1/GBP4/TANK/TRAF2/TLR4/PANX1/MAPK11/GBP2/CCL2/GABARAPL1/GBP1/GPSM3/CASP1/IL1B
hsa00040,Pentose and glucuronate interconversions,11/712,0.00201454712904,11,UGT1A6/UGT1A5/UGT1A7/UGT1A4/UGT1A3/UGT1A9/AKR1B15/KL/UGT2A3/AKR1B10/UGT2B17
hsa05414,Dilated cardiomyopathy,18/712,0.0028002701116069,18,ITGAV/ITGA2/ITGB8/TNF/ITGA3/TPM1/ITGB6/ADCY5/PRKACB/CACNG8/CACNA2D3/CACNB1/TPM2/SSPN/TNNT2/DMD/LAMA1/ITGA9
hsa05222,Small cell lung cancer,21/712,0.0028075565636081,21,LAMC2/NFKBIA/LAMA3/ITGAV/LAMB3/BIRC3/ITGA2/ITGA3/TRAF3/LAMA5/NFKB1/LAMC1/GADD45A/CDKN2B/TRAF2/LAMA4/PIK3CD/E2F2/NOS2/TRAF1/LAMA1
hsa05202,Transcriptional misregulation in cancer,29/712,0.0032106893009587,29,BIRC3/CXCL8/TMPRSS2/IGFBP3/ARNT2/NFKB1/PLAU/PML/ITGAM/ETV7/GADD45A/TFE3/ID2/FOXO1/NFKBIZ/ETV4/ETV6/CEBPB/CD40/CSF2/IL1R2/PAX8/MLF1/TRAF1/NUPR1/H3C8/MYCN/CD14/SIX4
hsa05162,Measles,24/712,0.0039402791575107,24,TNFAIP3/NFKBIA/IL2RG/STAT5A/STAT3/IKBKE/TRAF3/OAS3/NFKB1/BBC3/IFNAR2/NFKBIB/BID/JAK1/RIGI/OAS1/FOS/TLR4/TLR2/MX1/IFIH1/PIK3CD/HSPA1L/IL1B
hsa04672,Intestinal immune network for IgA production,8/712,0.0041450999205373,8,ICOSLG/LOC102723996/HLA-DRB1/HLA-DRA/CD40/IL15RA/HLA-DRB5/IL15
hsa04622,RIG-I-like receptor signaling pathway,15/712,0.0041450999205373,15,NFKBIA/CXCL8/IKBKE/TNF/TRAF3/NFKB1/NFKBIB/MAP3K1/RIGI/TANK/TRAF2/CYLD/IFIH1/MAPK11/ISG15
hsa05410,Hypertrophic cardiomyopathy,17/712,0.0041644952560539,17,ITGAV/ITGA2/ITGB8/TNF/ITGA3/TPM1/ITGB6/EDN1/CACNG8/CACNA2D3/CACNB1/TPM2/SSPN/TNNT2/DMD/LAMA1/ITGA9
hsa00053,Ascorbate and aldarate metabolism,9/712,0.0050822766803045,9,UGT1A6/UGT1A5/UGT1A7/UGT1A4/UGT1A3/UGT1A9/KL/UGT2A3/UGT2B17
hsa04510,Focal adhesion,32/712,0.0053377033256975,32,LAMC2/LAMA3/ITGAV/LAMB3/BIRC3/PRKCG/COL9A2/ITGA2/ITGB8/ITGA3/CTNNB1/LAMA5/LAMC1/BCAR1/RAP1B/CAV1/PDGFB/ITGB6/THBS2/VEGFA/CAV2/COL6A1/RAC2/LAMA4/RASGRF1/COL1A1/PIK3CD/VAV1/TNXB/PDGFC/LAMA1/ITGA9
hsa04918,Thyroid hormone synthesis,14/712,0.0064914578666394,14,DUOX2/DUOXA2/ATP1B1/PRKCG/GPX2/CREB3L1/CREB3L2/ADCY5/DUOX1/PRKACB/PAX8/GPX3/CREB5/ATP1A3
hsa04010,MAPK signaling pathway,43/712,0.0068496006798568,43,NFKB2/RELB/PRKCG/DUSP5/CSF1/TNF/NFKB1/TGFA/RRAS/RAP1B/MAP4K4/ARRB2/PDGFB/DUSP16/MAP3K1/GADD45A/PLA2G4C/VEGFA/DUSP8/FOS/NTRK2/PRKACB/CACNG8/TRAF2/RAC2/TGFBR1/CACNA2D3/MAPK11/FGF2/DUSP1/MAP3K8/EFNA1/CACNB1/RASGRF1/DUSP10/FGF19/NFATC1/PDGFC/DUSP2/CD14/HSPA1L/FGF18/IL1B
hsa05150,Staphylococcus aureus infection,10/712,0.0072567535722604,10,PTAFR/C3/ICAM1/HLA-DRB1/HLA-DRA/ITGAM/CFB/C5/HLA-DRB5/CFD
hsa05340,Primary immunodeficiency,7/712,0.0092772557580617,7,IL2RG/TAP1/TAP2/RFX5/CD40/CIITA/LCK
hsa04062,Chemokine signaling pathway,25/712,0.0097219299666446,25,NFKBIA/CXCL8/CCL20/CX3CL1/CXCL1/CXCL3/STAT3/CXCL16/NFKB1/BCAR1/CXCL2/RAP1B/CXCL11/ARRB2/FOXO3/NFKBIB/ADCY5/PRKACB/LYN/RAC2/CCL2/PIK3CD/VAV1/PREX1/CXCL6
hsa05171,Coronavirus disease,35/712,0.0103677099970662,35,NFKBIA/CXCL8/TMPRSS2/PRKCG/C3/IL6ST/STAT3/IKBKE/TNF/TRAF3/OAS3/NFKB1/IFNAR2/NFKBIB/CFB/JAK1/RIGI/OAS1/FOS/CGAS/TLR4/TLR2/MX1/IFIH1/CSF2/MAPK11/CCL2/PIK3CD/C5/ISG15/IL6R/TLR3/CFD/CASP1/IL1B
hsa04625,C-type lectin receptor signaling pathway,19/712,0.0107290416647725,19,NFKBIA/NFKB2/RELB/BCL3/IRF1/IKBKE/TNF/NFKB1/RRAS/IL23A/CYLD/MAPK11/NFATC2/PIK3CD/NFATC4/NFATC1/EGR3/CASP1/IL1B
hsa04933,AGE-RAGE signaling pathway in diabetic complications,19/712,0.0107290416647725,19,CXCL8/SMAD3/STAT5A/ICAM1/STAT3/TNF/NFKB1/F3/NOX1/EDN1/FOXO1/VEGFA/TGFBR1/MAPK11/CCL2/COL1A1/PIK3CD/NFATC1/IL1B
hsa05143,African trypanosomiasis,7/712,0.0127678394014113,7,PRKCG/ICAM1/TNF/LAMA4/APOL1/APOA1/IL1B
hsa05412,Arrhythmogenic right ventricular cardiomyopathy,14/712,0.0152045660294687,14,ITGAV/ITGA2/ITGB8/DSC2/ITGA3/CTNNB1/ITGB6/CACNG8/CACNA2D3/CACNB1/SSPN/DMD/LAMA1/ITGA9
hsa04020,Calcium signaling pathway,28/712,0.0152045660294687,28,PTAFR/PRKCG/ATP2B4/OXTR/TGFA/PDGFB/TPCN1/VEGFA/NTRK2/DRD1/PRKACB/ITPKC/FGF2/NFATC2/GNA15/BDKRB2/F2R/SPHK1/FGF19/NFATC4/CHRM3/NOS2/NFATC1/PDGFC/RYR3/RYR1/FGF18/CAMK2B
hsa00983,Drug metabolism - other enzymes,15/712,0.0183195390558059,15,TYMP/UGT1A6/GSTM4/XDH/UGT1A5/UGT1A7/UGT1A4/UGT1A3/UGT1A9/NME7/UGT2A3/UGT2B17/GSTM2/CYP3A4/GSTA1
hsa05235,PD-L1 expression and PD-1 checkpoint pathway in cancer,17/712,0.021185046596858,17,NFKBIA/NFKBIE/IFNGR1/IFNGR2/STAT3/NFKB1/TICAM1/NFKBIB/JAK1/FOS/TLR4/TLR2/MAPK11/NFATC2/PIK3CD/LCK/NFATC1
hsa04936,Alcoholic liver disease,22/712,0.0227741805281774,22,NFKBIA/CXCL8/CXCL1/CXCL3/C3/IKBKE/TNF/CTNNB1/TRAF3/ACOX1/NFKB1/LPIN2/TICAM1/CXCL2/FOXO3/FOXO1/TLR4/MAPK11/ADH1C/C5/CD14/IL1B
hsa04970,Salivary secretion,13/712,0.0232779258415498,13,ATP1B1/PRKCG/ATP2B4/AQP5/KCNN4/MUC5AC/ADCY5/MUC5B/PRKACB/CHRM3/DMBT1/ATP1A3/RYR3
hsa04148,Efferocytosis,24/712,0.0414250741929391,24,ITGAV/CX3CL1/DUSP5/CD47/ANO9/BCAR1/DUSP16/DUSP8/GULP1/CEBPB/PANX1/PTGER4/MAPK11/NFATC2/SPHK1/NFATC4/PROS1/NFATC1/DUSP2/XKR9/CASP1/SIGLEC10/STAB1/CAMK2B
